{"code":0,"result":{"cols":{"time":0,"from":1,"to":2,"vests":3},"rows":[[1633327725,"steemchiller","alejartist",1854073.454349],[1600290528,"steemchiller","sw-test",4826.178414],[1634928561,"steemchiller","endplagiarism04",1851067.001854],[1631877600,"steemchiller","steem.skillshare",1856862.052715]]}}